"0","syn_mat_low <- syn_mat %>% filter(Row != 1 ) %>% mutate(Row = Row -1)"
"0","# syn_mat_low <- syn_mat %>% filter(Row != 1 & Col != 1) %>% mutate(Row = Row -1,"
"0","#                                                                   Col = Col -1)"
"0","tas_syn_l <- syn_mat_low %>%  group_by(line, Replicate , BlockID) %>%"
"0","  do(tidy_synergy(df = ., me = c(""ZIP"", ""HSA"", ""Bliss"", ""Loewe""))) %>%"
"0","  ungroup() %>%"
"0","  #complete the df for scores that could not be calculated"
"0","  mutate(method = as.factor(method),"
"0","         line = as.factor(line)) %>%"
"0","  complete(BlockID, method, Replicate, line) %>%"
"0","  mutate(score_average = ifelse(is.nan(score_average), NA, score_average))"
"1",""
"1","|                                                                                                                  |  0% ~8 m remaining"
"1"," "
"1"," "
"1"," "
"1"," "
"1"," "
"1",""
"1","|                                                                                                                  |  1% ~6 m remaining"
"1"," "
"1"," "
"1"," "
"1"," "
"1"," "
"1",""
"1","|=                                                                                                                 |  1% ~5 m remaining"
"1"," "
"1"," "
"1"," "
"1"," "
"1"," "
"1",""
"1","|=                                                                                                                 |  1% ~4 m remaining"
"1"," "
"1"," "
"1"," "
"1"," "
"1"," "
"1",""
"1","|=                                                                                                                 |  1% ~4 m remaining"
"1"," "
"1"," "
"1"," "
"1"," "
"1"," "
"1",""
"1","|=                                                                                                                 |  2% ~3 m remaining"
"1"," "
"1"," "
"1"," "
"1"," "
"1"," "
"1",""
"1","|==                                                                                                                |  2% ~3 m remaining"
"1"," "
"1"," "
"1"," "
"1"," "
"1"," "
"1",""
"1","|==                                                                                                                |  2% ~3 m remaining"
"1"," "
"1"," "
"1"," "
"1"," "
"1"," "
"2","Error in optim(startVec, opfct, hessian = TRUE, method = optMethod, control = list(maxit = maxIt,  : 
  non-finite finite-difference value [4]
"
"1",""
"1","|==                                                                                                                |  2% ~3 m remaining"
"1"," "
"1"," "
"1"," "
"1"," "
"1"," "
"1",""
"1","|===                                                                                                               |  3% ~3 m remaining"
"1"," "
"1"," "
"1"," "
"1"," "
"1"," "
"1",""
"1","|===                                                                                                               |  3% ~3 m remaining"
"1"," "
"1"," "
"1"," "
"1"," "
"1"," "
"1",""
"1","|===                                                                                                               |  3% ~3 m remaining"
"1"," "
"1"," "
"1"," "
"1"," "
"1"," "
"2","Error in optim(startVec, opfct, hessian = TRUE, method = optMethod, control = list(maxit = maxIt,  : 
  non-finite finite-difference value [2]
"
"2","Error in optim(startVec, opfct, hessian = TRUE, method = optMethod, control = list(maxit = maxIt,  : 
  non-finite finite-difference value [2]
"
"2","Error in optim(startVec, opfct, hessian = TRUE, method = optMethod, control = list(maxit = maxIt,  : 
  non-finite finite-difference value [2]
"
"2","Error in optim(startVec, opfct, hessian = TRUE, method = optMethod, control = list(maxit = maxIt,  : 
  non-finite finite-difference value [2]
"
"1",""
"1","|===                                                                                                               |  3% ~3 m remaining"
"1"," "
"1"," "
"1"," "
"1"," "
"1"," "
"1",""
"1","|====                                                                                                              |  4% ~3 m remaining"
"1"," "
"1"," "
"1"," "
"1"," "
"1"," "
"1",""
"1","|====                                                                                                              |  4% ~3 m remaining"
"1"," "
"1"," "
"1"," "
"1"," "
"1"," "
"1",""
"1","|====                                                                                                              |  4% ~3 m remaining"
"1"," "
"1"," "
"1"," "
"1"," "
"1"," "
"1",""
"1","|=====                                                                                                             |  4% ~3 m remaining"
"1"," "
"1"," "
"1"," "
"1"," "
"1"," "
"1",""
"1","|=====                                                                                                             |  5% ~3 m remaining"
"1"," "
"1"," "
"1"," "
"1"," "
"1"," "
"1",""
"1","|=====                                                                                                             |  5% ~3 m remaining"
"1"," "
"1"," "
"1"," "
"1"," "
"1"," "
"1",""
"1","|=====                                                                                                             |  5% ~3 m remaining"
"1"," "
"1"," "
"1"," "
"1"," "
"1"," "
"2","Error in optim(startVec, opfct, hessian = TRUE, method = optMethod, control = list(maxit = maxIt,  : 
  non-finite finite-difference value [4]
"
"2","Error in optim(startVec, opfct, hessian = TRUE, method = optMethod, control = list(maxit = maxIt,  : 
  non-finite finite-difference value [4]
"
"1",""
"1","|======                                                                                                            |  5% ~3 m remaining"
"1"," "
"1"," "
"1"," "
"1"," "
"1"," "
"1",""
"1","|======                                                                                                            |  6% ~2 m remaining"
"1"," "
"1"," "
"1"," "
"1"," "
"1"," "
"2","Error in optim(startVec, opfct, hessian = TRUE, method = optMethod, control = list(maxit = maxIt,  : 
  non-finite finite-difference value [2]
"
"2","Error in optim(startVec, opfct, hessian = TRUE, method = optMethod, control = list(maxit = maxIt,  : 
  non-finite finite-difference value [2]
"
"2","Error in optim(startVec, opfct, hessian = TRUE, method = optMethod, control = list(maxit = maxIt,  : 
  non-finite finite-difference value [2]
"
"2","Error in optim(startVec, opfct, hessian = TRUE, method = optMethod, control = list(maxit = maxIt,  : 
  non-finite finite-difference value [2]
"
"1",""
"1","|======                                                                                                            |  6% ~2 m remaining"
"1"," "
"1"," "
"1"," "
"1"," "
"1"," "
"2","Error in optim(startVec, opfct, hessian = TRUE, method = optMethod, control = list(maxit = maxIt,  : 
  non-finite finite-difference value [2]
"
"2","Error in optim(startVec, opfct, hessian = TRUE, method = optMethod, control = list(maxit = maxIt,  : 
  non-finite finite-difference value [2]
"
"2","Error in optim(startVec, opfct, hessian = TRUE, method = optMethod, control = list(maxit = maxIt,  : 
  non-finite finite-difference value [2]
"
"2","Error in optim(startVec, opfct, hessian = TRUE, method = optMethod, control = list(maxit = maxIt,  : 
  non-finite finite-difference value [2]
"
"1",""
"1","|======                                                                                                            |  6% ~2 m remaining"
"1"," "
"1"," "
"1"," "
"1"," "
"1"," "
"1",""
"1","|=======                                                                                                           |  6% ~2 m remaining"
"1"," "
"1"," "
"1"," "
"1"," "
"1"," "
"2","Error in optim(startVec, opfct, hessian = TRUE, method = optMethod, control = list(maxit = maxIt,  : 
  non-finite finite-difference value [2]
"
"2","Error in optim(startVec, opfct, hessian = TRUE, method = optMethod, control = list(maxit = maxIt,  : 
  non-finite finite-difference value [2]
"
"2","Error in optim(startVec, opfct, hessian = TRUE, method = optMethod, control = list(maxit = maxIt,  : 
  non-finite finite-difference value [2]
"
"1",""
"1","|=======                                                                                                           |  7% ~2 m remaining"
"1"," "
"1"," "
"1"," "
"1"," "
"1"," "
"2","Error in optim(startVec, opfct, hessian = TRUE, method = optMethod, control = list(maxit = maxIt,  : 
  non-finite finite-difference value [2]
"
"1",""
"1","|=======                                                                                                           |  7% ~2 m remaining"
"1"," "
"1"," "
"1"," "
"1"," "
"1"," "
"1",""
"1","|========                                                                                                          |  7% ~2 m remaining"
"1"," "
"1"," "
"1"," "
"1"," "
"1"," "
"1",""
"1","|========                                                                                                          |  7% ~2 m remaining"
"1"," "
"1"," "
"1"," "
"1"," "
"1"," "
"2","Error in optim(startVec, opfct, hessian = TRUE, method = optMethod, control = list(maxit = maxIt,  : 
  non-finite finite-difference value [2]
"
"2","Error in optim(startVec, opfct, hessian = TRUE, method = optMethod, control = list(maxit = maxIt,  : 
  non-finite finite-difference value [2]
"
"2","Error in optim(startVec, opfct, hessian = TRUE, method = optMethod, control = list(maxit = maxIt,  : 
  non-finite finite-difference value [2]
"
"2","Error in optim(startVec, opfct, hessian = TRUE, method = optMethod, control = list(maxit = maxIt,  : 
  non-finite finite-difference value [2]
"
"1",""
"1","|========                                                                                                          |  8% ~2 m remaining"
"1"," "
"1"," "
"1"," "
"1"," "
"1"," "
"1",""
"1","|========                                                                                                          |  8% ~2 m remaining"
"1"," "
"1"," "
"1"," "
"1"," "
"1"," "
"1",""
"1","|=========                                                                                                         |  8% ~2 m remaining"
"1"," "
"1"," "
"1"," "
"1"," "
"1"," "
"1",""
"1","|=========                                                                                                         |  8% ~2 m remaining"
"1"," "
"1"," "
"1"," "
"1"," "
"1"," "
"1",""
"1","|=========                                                                                                         |  9% ~2 m remaining"
"1"," "
"1"," "
"1"," "
"1"," "
"1"," "
"1",""
"1","|==========                                                                                                        |  9% ~2 m remaining"
"1"," "
"1"," "
"1"," "
"1"," "
"1"," "
"1",""
"1","|==========                                                                                                        |  9% ~2 m remaining"
"1"," "
"1"," "
"1"," "
"1"," "
"1"," "
"1",""
"1","|==========                                                                                                        |  9% ~2 m remaining"
"1"," "
"1"," "
"1"," "
"1"," "
"1"," "
"1",""
"1","|==========                                                                                                        | 10% ~2 m remaining"
"1"," "
"1"," "
"1"," "
"1"," "
"1"," "
"1",""
"1","|===========                                                                                                       | 10% ~2 m remaining"
"1"," "
"1"," "
"1"," "
"1"," "
"1"," "
"1",""
"1","|===========                                                                                                       | 10% ~2 m remaining"
"1"," "
"1"," "
"1"," "
"1"," "
"1"," "
"1",""
"1","|===========                                                                                                       | 10% ~2 m remaining"
"1"," "
"1"," "
"1"," "
"1"," "
"1"," "
"1",""
"1","|============                                                                                                      | 11% ~2 m remaining"
"1"," "
"1"," "
"1"," "
"1"," "
"1"," "
"1",""
"1","|============                                                                                                      | 11% ~2 m remaining"
"1"," "
"1"," "
"1"," "
"1"," "
"1"," "
"2","Error in optim(startVec, opfct, hessian = TRUE, method = optMethod, control = list(maxit = maxIt,  : 
  non-finite finite-difference value [4]
"
"1",""
"1","|============                                                                                                      | 11% ~2 m remaining"
"1"," "
"1"," "
"1"," "
"1"," "
"1"," "
"1",""
"1","|============                                                                                                      | 11% ~2 m remaining"
"1"," "
"1"," "
"1"," "
"1"," "
"1"," "
"1",""
"1","|=============                                                                                                     | 12% ~2 m remaining"
"1"," "
"1"," "
"1"," "
"1"," "
"1"," "
"1",""
"1","|=============                                                                                                     | 12% ~2 m remaining"
"1"," "
"1"," "
"1"," "
"1"," "
"1"," "
"1",""
"1","|=============                                                                                                     | 12% ~2 m remaining"
"1"," "
"1"," "
"1"," "
"1"," "
"1"," "
"1",""
"1","|=============                                                                                                     | 12% ~2 m remaining"
"1"," "
"1"," "
"1"," "
"1"," "
"1"," "
"2","Error in optim(startVec, opfct, hessian = TRUE, method = optMethod, control = list(maxit = maxIt,  : 
  non-finite finite-difference value [2]
"
"2","Error in optim(startVec, opfct, hessian = TRUE, method = optMethod, control = list(maxit = maxIt,  : 
  non-finite finite-difference value [2]
"
"2","Error in optim(startVec, opfct, hessian = TRUE, method = optMethod, control = list(maxit = maxIt,  : 
  non-finite finite-difference value [2]
"
"2","Error in optim(startVec, opfct, hessian = TRUE, method = optMethod, control = list(maxit = maxIt,  : 
  non-finite finite-difference value [2]
"
"1",""
"1","|==============                                                                                                    | 12% ~2 m remaining"
"1"," "
"1"," "
"1"," "
"1"," "
"1"," "
"2","Error in optim(startVec, opfct, hessian = TRUE, method = optMethod, control = list(maxit = maxIt,  : 
  non-finite finite-difference value [2]
"
"2","Error in optim(startVec, opfct, hessian = TRUE, method = optMethod, control = list(maxit = maxIt,  : 
  non-finite finite-difference value [2]
"
"2","Error in optim(startVec, opfct, hessian = TRUE, method = optMethod, control = list(maxit = maxIt,  : 
  non-finite finite-difference value [2]
"
"2","Error in optim(startVec, opfct, hessian = TRUE, method = optMethod, control = list(maxit = maxIt,  : 
  non-finite finite-difference value [2]
"
"1",""
"1","|==============                                                                                                    | 13% ~2 m remaining"
"1"," "
"1"," "
"1"," "
"1"," "
"1"," "
"1",""
"1","|==============                                                                                                    | 13% ~2 m remaining"
"1"," "
"1"," "
"1"," "
"1"," "
"1"," "
"1",""
"1","|===============                                                                                                   | 13% ~2 m remaining"
"1"," "
"1"," "
"1"," "
"1"," "
"1"," "
"1",""
"1","|===============                                                                                                   | 13% ~2 m remaining"
"1"," "
"1"," "
"1"," "
"1"," "
"1"," "
"1",""
"1","|===============                                                                                                   | 14% ~2 m remaining"
"1"," "
"1"," "
"1"," "
"1"," "
"1"," "
"1",""
"1","|===============                                                                                                   | 14% ~2 m remaining"
"1"," "
"1"," "
"1"," "
"1"," "
"1"," "
"1",""
"1","|================                                                                                                  | 14% ~2 m remaining"
"1"," "
"1"," "
"1"," "
"1"," "
"1"," "
"1",""
"1","|================                                                                                                  | 14% ~2 m remaining"
"1"," "
"1"," "
"1"," "
"1"," "
"1"," "
"1",""
"1","|================                                                                                                  | 15% ~2 m remaining"
"1"," "
"1"," "
"1"," "
"1"," "
"1"," "
"1",""
"1","|=================                                                                                                 | 15% ~2 m remaining"
"1"," "
"1"," "
"1"," "
"1"," "
"1"," "
"1",""
"1","|=================                                                                                                 | 15% ~2 m remaining"
"1"," "
"1"," "
"1"," "
"1"," "
"1"," "
"1",""
"1","|=================                                                                                                 | 15% ~2 m remaining"
"1"," "
"1"," "
"1"," "
"1"," "
"1"," "
"1",""
"1","|=================                                                                                                 | 16% ~2 m remaining"
"1"," "
"1"," "
"1"," "
"1"," "
"1"," "
"1",""
"1","|==================                                                                                                | 16% ~2 m remaining"
"1"," "
"1"," "
"1"," "
"1"," "
"1"," "
"1",""
"1","|==================                                                                                                | 16% ~2 m remaining"
"1"," "
"1"," "
"1"," "
"1"," "
"1"," "
"1",""
"1","|==================                                                                                                | 16% ~2 m remaining"
"1"," "
"1"," "
"1"," "
"1"," "
"1"," "
"1",""
"1","|===================                                                                                               | 17% ~2 m remaining"
"1"," "
"1"," "
"1"," "
"1"," "
"1"," "
"1",""
"1","|===================                                                                                               | 17% ~2 m remaining"
"1"," "
"1"," "
"1"," "
"1"," "
"1"," "
"1",""
"1","|===================                                                                                               | 17% ~2 m remaining"
"1"," "
"1"," "
"1"," "
"1"," "
"1"," "
"1",""
"1","|===================                                                                                               | 17% ~2 m remaining"
"1"," "
"1"," "
"1"," "
"1"," "
"1"," "
"1",""
"1","|====================                                                                                              | 18% ~2 m remaining"
"1"," "
"1"," "
"1"," "
"1"," "
"1"," "
"1",""
"1","|====================                                                                                              | 18% ~2 m remaining"
"1"," "
"1"," "
"1"," "
"1"," "
"1"," "
"1",""
"1","|====================                                                                                              | 18% ~2 m remaining"
"1"," "
"1"," "
"1"," "
"1"," "
"1"," "
"1",""
"1","|====================                                                                                              | 18% ~2 m remaining"
"1"," "
"1"," "
"1"," "
"1"," "
"1"," "
"1",""
"1","|=====================                                                                                             | 19% ~2 m remaining"
"1"," "
"1"," "
"1"," "
"1"," "
"1"," "
"1",""
"1","|=====================                                                                                             | 19% ~2 m remaining"
"1"," "
"1"," "
"1"," "
"1"," "
"1"," "
"2","Error in optim(startVec, opfct, hessian = TRUE, method = optMethod, control = list(maxit = maxIt,  : 
  non-finite finite-difference value [2]
"
"1",""
"1","|=====================                                                                                             | 19% ~2 m remaining"
"1"," "
"1"," "
"1"," "
"1"," "
"1"," "
"1",""
"1","|======================                                                                                            | 19% ~2 m remaining"
"1"," "
"1"," "
"1"," "
"1"," "
"1"," "
"1",""
"1","|======================                                                                                            | 20% ~2 m remaining"
"1"," "
"1"," "
"1"," "
"1"," "
"1"," "
"2","Error in optim(startVec, opfct, hessian = TRUE, method = optMethod, control = list(maxit = maxIt,  : 
  non-finite finite-difference value [2]
"
"2","Error in optim(startVec, opfct, hessian = TRUE, method = optMethod, control = list(maxit = maxIt,  : 
  non-finite finite-difference value [2]
"
"2","Error in optim(startVec, opfct, hessian = TRUE, method = optMethod, control = list(maxit = maxIt,  : 
  non-finite finite-difference value [2]
"
"2","Error in optim(startVec, opfct, hessian = TRUE, method = optMethod, control = list(maxit = maxIt,  : 
  non-finite finite-difference value [2]
"
"1",""
"1","|======================                                                                                            | 20% ~2 m remaining"
"1"," "
"1"," "
"1"," "
"1"," "
"1"," "
"2","Error in optim(startVec, opfct, hessian = TRUE, method = optMethod, control = list(maxit = maxIt,  : 
  non-finite finite-difference value [2]
"
"2","Error in optim(startVec, opfct, hessian = TRUE, method = optMethod, control = list(maxit = maxIt,  : 
  non-finite finite-difference value [2]
"
"2","Error in optim(startVec, opfct, hessian = TRUE, method = optMethod, control = list(maxit = maxIt,  : 
  non-finite finite-difference value [2]
"
"2","Error in optim(startVec, opfct, hessian = TRUE, method = optMethod, control = list(maxit = maxIt,  : 
  non-finite finite-difference value [2]
"
"1",""
"1","|======================                                                                                            | 20% ~2 m remaining"
"1"," "
"1"," "
"1"," "
"1"," "
"1"," "
"1",""
"1","|=======================                                                                                           | 20% ~2 m remaining"
"1"," "
"1"," "
"1"," "
"1"," "
"1"," "
"1",""
"1","|=======================                                                                                           | 21% ~2 m remaining"
"1"," "
"1"," "
"1"," "
"1"," "
"1"," "
"1",""
"1","|=======================                                                                                           | 21% ~2 m remaining"
"1"," "
"1"," "
"1"," "
"1"," "
"1"," "
"1",""
"1","|========================                                                                                          | 21% ~2 m remaining"
"1"," "
"1"," "
"1"," "
"1"," "
"1"," "
"1",""
"1","|========================                                                                                          | 21% ~2 m remaining"
"1"," "
"1"," "
"1"," "
"1"," "
"1"," "
"1",""
"1","|========================                                                                                          | 22% ~2 m remaining"
"1"," "
"1"," "
"1"," "
"1"," "
"1"," "
"1",""
"1","|========================                                                                                          | 22% ~2 m remaining"
"1"," "
"1"," "
"1"," "
"1"," "
"1"," "
"1",""
"1","|=========================                                                                                         | 22% ~2 m remaining"
"1"," "
"1"," "
"1"," "
"1"," "
"1"," "
"1",""
"1","|=========================                                                                                         | 22% ~2 m remaining"
"1"," "
"1"," "
"1"," "
"1"," "
"1"," "
"2","Error in optim(startVec, opfct, hessian = TRUE, method = optMethod, control = list(maxit = maxIt,  : 
  non-finite finite-difference value [2]
"
"2","Error in optim(startVec, opfct, hessian = TRUE, method = optMethod, control = list(maxit = maxIt,  : 
  non-finite finite-difference value [2]
"
"2","Error in optim(startVec, opfct, hessian = TRUE, method = optMethod, control = list(maxit = maxIt,  : 
  non-finite finite-difference value [2]
"
"2","Error in optim(startVec, opfct, hessian = TRUE, method = optMethod, control = list(maxit = maxIt,  : 
  non-finite finite-difference value [2]
"
"1",""
"1","|=========================                                                                                         | 23% ~2 m remaining"
"1"," "
"1"," "
"1"," "
"1"," "
"1"," "
"1",""
"1","|=========================                                                                                         | 23% ~2 m remaining"
"1"," "
"1"," "
"1"," "
"1"," "
"1"," "
"1",""
"1","|==========================                                                                                        | 23% ~2 m remaining"
"1"," "
"1"," "
"1"," "
"1"," "
"1"," "
"1",""
"1","|==========================                                                                                        | 23% ~2 m remaining"
"1"," "
"1"," "
"1"," "
"1"," "
"1"," "
"1",""
"1","|==========================                                                                                        | 24% ~2 m remaining"
"1"," "
"1"," "
"1"," "
"1"," "
"1"," "
"2","Error in optim(startVec, opfct, hessian = TRUE, method = optMethod, control = list(maxit = maxIt,  : 
  non-finite finite-difference value [2]
"
"2","Error in optim(startVec, opfct, hessian = TRUE, method = optMethod, control = list(maxit = maxIt,  : 
  non-finite finite-difference value [2]
"
"2","Error in optim(startVec, opfct, hessian = TRUE, method = optMethod, control = list(maxit = maxIt,  : 
  non-finite finite-difference value [2]
"
"1",""
"1","|===========================                                                                                       | 24% ~2 m remaining"
"1"," "
"1"," "
"1"," "
"1"," "
"1"," "
"1",""
"1","|===========================                                                                                       | 24% ~2 m remaining"
"1"," "
"1"," "
"1"," "
"1"," "
"1"," "
"2","Error in optim(startVec, opfct, hessian = TRUE, method = optMethod, control = list(maxit = maxIt,  : 
  non-finite finite-difference value [4]
"
"2","Error in optim(startVec, opfct, hessian = TRUE, method = optMethod, control = list(maxit = maxIt,  : 
  non-finite finite-difference value [4]
"
"1",""
"1","|===========================                                                                                       | 24% ~2 m remaining"
"1"," "
"1"," "
"1"," "
"1"," "
"1"," "
"2","Error in optim(startVec, opfct, hessian = TRUE, method = optMethod, control = list(maxit = maxIt,  : 
  non-finite finite-difference value [2]
"
"2","Error in optim(startVec, opfct, hessian = TRUE, method = optMethod, control = list(maxit = maxIt,  : 
  non-finite finite-difference value [2]
"
"2","Error in optim(startVec, opfct, hessian = TRUE, method = optMethod, control = list(maxit = maxIt,  : 
  non-finite finite-difference value [2]
"
"2","Error in optim(startVec, opfct, hessian = TRUE, method = optMethod, control = list(maxit = maxIt,  : 
  non-finite finite-difference value [2]
"
"1",""
"1","|===========================                                                                                       | 25% ~2 m remaining"
"1"," "
"1"," "
"1"," "
"1"," "
"1"," "
"1",""
"1","|============================                                                                                      | 25% ~2 m remaining"
"1"," "
"1"," "
"1"," "
"1"," "
"1"," "
"1",""
"1","|============================                                                                                      | 25% ~2 m remaining"
"1"," "
"1"," "
"1"," "
"1"," "
"1"," "
"1",""
"1","|============================                                                                                      | 25% ~2 m remaining"
"1"," "
"1"," "
"1"," "
"1"," "
"1"," "
"1",""
"1","|=============================                                                                                     | 25% ~2 m remaining"
"1"," "
"1"," "
"1"," "
"1"," "
"1"," "
"1",""
"1","|=============================                                                                                     | 26% ~2 m remaining"
"1"," "
"1"," "
"1"," "
"1"," "
"1"," "
"1",""
"1","|=============================                                                                                     | 26% ~2 m remaining"
"1"," "
"1"," "
"1"," "
"1"," "
"1"," "
"1",""
"1","|=============================                                                                                     | 26% ~2 m remaining"
"1"," "
"1"," "
"1"," "
"1"," "
"1"," "
"1",""
"1","|==============================                                                                                    | 26% ~2 m remaining"
"1"," "
"1"," "
"1"," "
"1"," "
"1"," "
"1",""
"1","|==============================                                                                                    | 27% ~2 m remaining"
"1"," "
"1"," "
"1"," "
"1"," "
"1"," "
"1",""
"1","|==============================                                                                                    | 27% ~2 m remaining"
"1"," "
"1"," "
"1"," "
"1"," "
"1"," "
"1",""
"1","|===============================                                                                                   | 27% ~2 m remaining"
"1"," "
"1"," "
"1"," "
"1"," "
"1"," "
"1",""
"1","|===============================                                                                                   | 27% ~2 m remaining"
"1"," "
"1"," "
"1"," "
"1"," "
"1"," "
"1",""
"1","|===============================                                                                                   | 28% ~2 m remaining"
"1"," "
"1"," "
"1"," "
"1"," "
"1"," "
"1",""
"1","|===============================                                                                                   | 28% ~2 m remaining"
"1"," "
"1"," "
"1"," "
"1"," "
"1"," "
"1",""
"1","|================================                                                                                  | 28% ~2 m remaining"
"1"," "
"1"," "
"1"," "
"1"," "
"1"," "
"1",""
"1","|================================                                                                                  | 28% ~2 m remaining"
"1"," "
"1"," "
"1"," "
"1"," "
"1"," "
"1",""
"1","|================================                                                                                  | 29% ~2 m remaining"
"1"," "
"1"," "
"1"," "
"1"," "
"1"," "
"1",""
"1","|================================                                                                                  | 29% ~2 m remaining"
"1"," "
"1"," "
"1"," "
"1"," "
"1"," "
"1",""
"1","|=================================                                                                                 | 29% ~2 m remaining"
"1"," "
"1"," "
"1"," "
"1"," "
"1"," "
"2","Error in optim(startVec, opfct, hessian = TRUE, method = optMethod, control = list(maxit = maxIt,  : 
  non-finite finite-difference value [2]
"
"2","Error in optim(startVec, opfct, hessian = TRUE, method = optMethod, control = list(maxit = maxIt,  : 
  non-finite finite-difference value [2]
"
"2","Error in optim(startVec, opfct, hessian = TRUE, method = optMethod, control = list(maxit = maxIt,  : 
  non-finite finite-difference value [2]
"
"2","Error in optim(startVec, opfct, hessian = TRUE, method = optMethod, control = list(maxit = maxIt,  : 
  non-finite finite-difference value [2]
"
"1",""
"1","|=================================                                                                                 | 29% ~2 m remaining"
"1"," "
"1"," "
"1"," "
"1"," "
"1"," "
"1",""
"1","|=================================                                                                                 | 30% ~2 m remaining"
"1"," "
"1"," "
"1"," "
"1"," "
"1"," "
"1",""
"1","|==================================                                                                                | 30% ~2 m remaining"
"1"," "
"1"," "
"1"," "
"1"," "
"1"," "
"1",""
"1","|==================================                                                                                | 30% ~2 m remaining"
"1"," "
"1"," "
"1"," "
"1"," "
"1"," "
"1",""
"1","|==================================                                                                                | 30% ~2 m remaining"
"1"," "
"1"," "
"1"," "
"1"," "
"1"," "
"1",""
"1","|==================================                                                                                | 31% ~2 m remaining"
"1"," "
"1"," "
"1"," "
"1"," "
"1"," "
"1",""
"1","|===================================                                                                               | 31% ~2 m remaining"
"1"," "
"1"," "
"1"," "
"1"," "
"1"," "
"1",""
"1","|===================================                                                                               | 31% ~2 m remaining"
"1"," "
"1"," "
"1"," "
"1"," "
"1"," "
"1",""
"1","|===================================                                                                               | 31% ~2 m remaining"
"1"," "
"1"," "
"1"," "
"1"," "
"1"," "
"1",""
"1","|====================================                                                                              | 32% ~2 m remaining"
"1"," "
"1"," "
"1"," "
"1"," "
"1"," "
"1",""
"1","|====================================                                                                              | 32% ~2 m remaining"
"1"," "
"1"," "
"1"," "
"1"," "
"1"," "
"1",""
"1","|====================================                                                                              | 32% ~2 m remaining"
"1"," "
"1"," "
"1"," "
"1"," "
"1"," "
"2","Error in optim(startVec, opfct, hessian = TRUE, method = optMethod, control = list(maxit = maxIt,  : 
  non-finite finite-difference value [2]
"
"2","Error in optim(startVec, opfct, hessian = TRUE, method = optMethod, control = list(maxit = maxIt,  : 
  non-finite finite-difference value [2]
"
"2","Error in optim(startVec, opfct, hessian = TRUE, method = optMethod, control = list(maxit = maxIt,  : 
  non-finite finite-difference value [2]
"
"2","Error in optim(startVec, opfct, hessian = TRUE, method = optMethod, control = list(maxit = maxIt,  : 
  non-finite finite-difference value [2]
"
"1",""
"1","|====================================                                                                              | 32% ~2 m remaining"
"1"," "
"1"," "
"1"," "
"1"," "
"1"," "
"1",""
"1","|=====================================                                                                             | 33% ~2 m remaining"
"1"," "
"1"," "
"1"," "
"1"," "
"1"," "
"1",""
"1","|=====================================                                                                             | 33% ~2 m remaining"
"1"," "
"1"," "
"1"," "
"1"," "
"1"," "
"1",""
"1","|=====================================                                                                             | 33% ~2 m remaining"
"1"," "
"1"," "
"1"," "
"1"," "
"1"," "
"1",""
"1","|======================================                                                                            | 33% ~2 m remaining"
"1"," "
"1"," "
"1"," "
"1"," "
"1"," "
"1",""
"1","|======================================                                                                            | 34% ~2 m remaining"
"1"," "
"1"," "
"1"," "
"1"," "
"1"," "
"1",""
"1","|======================================                                                                            | 34% ~2 m remaining"
"1"," "
"1"," "
"1"," "
"1"," "
"1"," "
"1",""
"1","|======================================                                                                            | 34% ~2 m remaining"
"1"," "
"1"," "
"1"," "
"1"," "
"1"," "
"1",""
"1","|=======================================                                                                           | 34% ~2 m remaining"
"1"," "
"1"," "
"1"," "
"1"," "
"1"," "
"1",""
"1","|=======================================                                                                           | 35% ~2 m remaining"
"1"," "
"1"," "
"1"," "
"1"," "
"1"," "
"1",""
"1","|=======================================                                                                           | 35% ~2 m remaining"
"1"," "
"1"," "
"1"," "
"1"," "
"1"," "
"1",""
"1","|=======================================                                                                           | 35% ~2 m remaining"
"1"," "
"1"," "
"1"," "
"1"," "
"1"," "
"1",""
"1","|========================================                                                                          | 35% ~2 m remaining"
"1"," "
"1"," "
"1"," "
"1"," "
"1"," "
"1",""
"1","|========================================                                                                          | 36% ~2 m remaining"
"1"," "
"1"," "
"1"," "
"1"," "
"1"," "
"2","Error in optim(startVec, opfct, hessian = TRUE, method = optMethod, control = list(maxit = maxIt,  : 
  non-finite finite-difference value [2]
"
"2","Error in optim(startVec, opfct, hessian = TRUE, method = optMethod, control = list(maxit = maxIt,  : 
  non-finite finite-difference value [2]
"
"2","Error in optim(startVec, opfct, hessian = TRUE, method = optMethod, control = list(maxit = maxIt,  : 
  non-finite finite-difference value [2]
"
"2","Error in optim(startVec, opfct, hessian = TRUE, method = optMethod, control = list(maxit = maxIt,  : 
  non-finite finite-difference value [2]
"
"1",""
"1","|========================================                                                                          | 36% ~2 m remaining"
"1"," "
"1"," "
"1"," "
"1"," "
"1"," "
"1",""
"1","|=========================================                                                                         | 36% ~2 m remaining"
"1"," "
"1"," "
"1"," "
"1"," "
"1"," "
"1",""
"1","|=========================================                                                                         | 36% ~2 m remaining"
"1"," "
"1"," "
"1"," "
"1"," "
"1"," "
"2","Error in optim(startVec, opfct, hessian = TRUE, method = optMethod, control = list(maxit = maxIt,  : 
  non-finite finite-difference value [2]
"
"2","Error in optim(startVec, opfct, hessian = TRUE, method = optMethod, control = list(maxit = maxIt,  : 
  non-finite finite-difference value [2]
"
"2","Error in optim(startVec, opfct, hessian = TRUE, method = optMethod, control = list(maxit = maxIt,  : 
  non-finite finite-difference value [2]
"
"2","Error in optim(startVec, opfct, hessian = TRUE, method = optMethod, control = list(maxit = maxIt,  : 
  non-finite finite-difference value [2]
"
"1",""
"1","|=========================================                                                                         | 37% ~2 m remaining"
"1"," "
"1"," "
"1"," "
"1"," "
"1"," "
"1",""
"1","|=========================================                                                                         | 37% ~2 m remaining"
"1"," "
"1"," "
"1"," "
"1"," "
"1"," "
"1",""
"1","|==========================================                                                                        | 37% ~2 m remaining"
"1"," "
"1"," "
"1"," "
"1"," "
"1"," "
"1",""
"1","|==========================================                                                                        | 37% ~2 m remaining"
"1"," "
"1"," "
"1"," "
"1"," "
"1"," "
"1",""
"1","|==========================================                                                                        | 38% ~2 m remaining"
"1"," "
"1"," "
"1"," "
"1"," "
"1"," "
"1",""
"1","|===========================================                                                                       | 38% ~2 m remaining"
"1"," "
"1"," "
"1"," "
"1"," "
"1"," "
"1",""
"1","|===========================================                                                                       | 38% ~2 m remaining"
"1"," "
"1"," "
"1"," "
"1"," "
"1"," "
"1",""
"1","|===========================================                                                                       | 38% ~2 m remaining"
"1"," "
"1"," "
"1"," "
"1"," "
"1"," "
"1",""
"1","|===========================================                                                                       | 38% ~2 m remaining"
"1"," "
"1"," "
"1"," "
"1"," "
"1"," "
"1",""
"1","|============================================                                                                      | 39% ~2 m remaining"
"1"," "
"1"," "
"1"," "
"1"," "
"1"," "
"1",""
"1","|============================================                                                                      | 39% ~2 m remaining"
"1"," "
"1"," "
"1"," "
"1"," "
"1"," "
"1",""
"1","|============================================                                                                      | 39% ~2 m remaining"
"1"," "
"1"," "
"1"," "
"1"," "
"1"," "
"1",""
"1","|============================================                                                                      | 39% ~2 m remaining"
"1"," "
"1"," "
"1"," "
"1"," "
"1"," "
"1",""
"1","|=============================================                                                                     | 40% ~2 m remaining"
"1"," "
"1"," "
"1"," "
"1"," "
"1"," "
"2","Error in optim(startVec, opfct, hessian = TRUE, method = optMethod, control = list(maxit = maxIt,  : 
  non-finite finite-difference value [2]
"
"2","Error in optim(startVec, opfct, hessian = TRUE, method = optMethod, control = list(maxit = maxIt,  : 
  non-finite finite-difference value [2]
"
"2","Error in optim(startVec, opfct, hessian = TRUE, method = optMethod, control = list(maxit = maxIt,  : 
  non-finite finite-difference value [2]
"
"2","Error in optim(startVec, opfct, hessian = TRUE, method = optMethod, control = list(maxit = maxIt,  : 
  non-finite finite-difference value [2]
"
"1",""
"1","|=============================================                                                                     | 40% ~2 m remaining"
"1"," "
"1"," "
"1"," "
"1"," "
"1"," "
"1",""
"1","|=============================================                                                                     | 40% ~2 m remaining"
"1"," "
"1"," "
"1"," "
"1"," "
"1"," "
"1",""
"1","|==============================================                                                                    | 40% ~2 m remaining"
"1"," "
"1"," "
"1"," "
"1"," "
"1"," "
"1",""
"1","|==============================================                                                                    | 41% ~2 m remaining"
"1"," "
"1"," "
"1"," "
"1"," "
"1"," "
"2","Error in optim(startVec, opfct, hessian = TRUE, method = optMethod, control = list(maxit = maxIt,  : 
  non-finite finite-difference value [2]
"
"2","Error in optim(startVec, opfct, hessian = TRUE, method = optMethod, control = list(maxit = maxIt,  : 
  non-finite finite-difference value [2]
"
"2","Error in optim(startVec, opfct, hessian = TRUE, method = optMethod, control = list(maxit = maxIt,  : 
  non-finite finite-difference value [2]
"
"2","Error in optim(startVec, opfct, hessian = TRUE, method = optMethod, control = list(maxit = maxIt,  : 
  non-finite finite-difference value [2]
"
"1",""
"1","|==============================================                                                                    | 41% ~2 m remaining"
"1"," "
"1"," "
"1"," "
"1"," "
"1"," "
"1",""
"1","|==============================================                                                                    | 41% ~2 m remaining"
"1"," "
"1"," "
"1"," "
"1"," "
"1"," "
"2","Error in optim(startVec, opfct, hessian = TRUE, method = optMethod, control = list(maxit = maxIt,  : 
  non-finite finite-difference value [2]
"
"2","Error in optim(startVec, opfct, hessian = TRUE, method = optMethod, control = list(maxit = maxIt,  : 
  non-finite finite-difference value [2]
"
"2","Error in optim(startVec, opfct, hessian = TRUE, method = optMethod, control = list(maxit = maxIt,  : 
  non-finite finite-difference value [2]
"
"1",""
"1","|===============================================                                                                   | 41% ~2 m remaining"
"1"," "
"1"," "
"1"," "
"1"," "
"1"," "
"1",""
"1","|===============================================                                                                   | 42% ~2 m remaining"
"1"," "
"1"," "
"1"," "
"1"," "
"1"," "
"1",""
"1","|===============================================                                                                   | 42% ~2 m remaining"
"1"," "
"1"," "
"1"," "
"1"," "
"1"," "
"1",""
"1","|================================================                                                                  | 42% ~2 m remaining"
"1"," "
"1"," "
"1"," "
"1"," "
"1"," "
"1",""
"1","|================================================                                                                  | 42% ~2 m remaining"
"1"," "
"1"," "
"1"," "
"1"," "
"1"," "
"1",""
"1","|================================================                                                                  | 43% ~2 m remaining"
"1"," "
"1"," "
"1"," "
"1"," "
"1"," "
"1",""
"1","|================================================                                                                  | 43% ~2 m remaining"
"1"," "
"1"," "
"1"," "
"1"," "
"1"," "
"1",""
"1","|=================================================                                                                 | 43% ~2 m remaining"
"1"," "
"1"," "
"1"," "
"1"," "
"1"," "
"1",""
"1","|=================================================                                                                 | 43% ~2 m remaining"
"1"," "
"1"," "
"1"," "
"1"," "
"1"," "
"1",""
"1","|=================================================                                                                 | 44% ~2 m remaining"
"1"," "
"1"," "
"1"," "
"1"," "
"1"," "
"1",""
"1","|==================================================                                                                | 44% ~2 m remaining"
"1"," "
"1"," "
"1"," "
"1"," "
"1"," "
"1",""
"1","|==================================================                                                                | 44% ~2 m remaining"
"1"," "
"1"," "
"1"," "
"1"," "
"1"," "
"2","Error in optim(startVec, opfct, hessian = TRUE, method = optMethod, control = list(maxit = maxIt,  : 
  non-finite finite-difference value [2]
"
"2","Error in optim(startVec, opfct, hessian = TRUE, method = optMethod, control = list(maxit = maxIt,  : 
  non-finite finite-difference value [2]
"
"2","Error in optim(startVec, opfct, hessian = TRUE, method = optMethod, control = list(maxit = maxIt,  : 
  non-finite finite-difference value [2]
"
"1",""
"1","|==================================================                                                                | 44% ~2 m remaining"
"1"," "
"1"," "
"1"," "
"1"," "
"1"," "
"1",""
"1","|==================================================                                                                | 45% ~2 m remaining"
"1"," "
"1"," "
"1"," "
"1"," "
"1"," "
"1",""
"1","|===================================================                                                               | 45% ~2 m remaining"
"1"," "
"1"," "
"1"," "
"1"," "
"1"," "
"1",""
"1","|===================================================                                                               | 45% ~2 m remaining"
"1"," "
"1"," "
"1"," "
"1"," "
"1"," "
"1",""
"1","|===================================================                                                               | 45% ~2 m remaining"
"1"," "
"1"," "
"1"," "
"1"," "
"1"," "
"1",""
"1","|===================================================                                                               | 46% ~2 m remaining"
"1"," "
"1"," "
"1"," "
"1"," "
"1"," "
"1",""
"1","|====================================================                                                              | 46% ~2 m remaining"
"1"," "
"1"," "
"1"," "
"1"," "
"1"," "
"1",""
"1","|====================================================                                                              | 46% ~2 m remaining"
"1"," "
"1"," "
"1"," "
"1"," "
"1"," "
"1",""
"1","|====================================================                                                              | 46% ~2 m remaining"
"1"," "
"1"," "
"1"," "
"1"," "
"1"," "
"1",""
"1","|=====================================================                                                             | 47% ~2 m remaining"
"1"," "
"1"," "
"1"," "
"1"," "
"1"," "
"1",""
"1","|=====================================================                                                             | 47% ~2 m remaining"
"1"," "
"1"," "
"1"," "
"1"," "
"1"," "
"1",""
"1","|=====================================================                                                             | 47% ~2 m remaining"
"1"," "
"1"," "
"1"," "
"1"," "
"1"," "
"1",""
"1","|=====================================================                                                             | 47% ~2 m remaining"
"1"," "
"1"," "
"1"," "
"1"," "
"1"," "
"1",""
"1","|======================================================                                                            | 48% ~2 m remaining"
"1"," "
"1"," "
"1"," "
"1"," "
"1"," "
"1",""
"1","|======================================================                                                            | 48% ~2 m remaining"
"1"," "
"1"," "
"1"," "
"1"," "
"1"," "
"1",""
"1","|======================================================                                                            | 48% ~2 m remaining"
"1"," "
"1"," "
"1"," "
"1"," "
"1"," "
"1",""
"1","|=======================================================                                                           | 48% ~2 m remaining"
"1"," "
"1"," "
"1"," "
"1"," "
"1"," "
"1",""
"1","|=======================================================                                                           | 49% ~2 m remaining"
"1"," "
"1"," "
"1"," "
"1"," "
"1"," "
"1",""
"1","|=======================================================                                                           | 49% ~2 m remaining"
"1"," "
"1"," "
"1"," "
"1"," "
"1"," "
"2","Error in optim(startVec, opfct, hessian = TRUE, method = optMethod, control = list(maxit = maxIt,  : 
  non-finite finite-difference value [2]
"
"2","Error in optim(startVec, opfct, hessian = TRUE, method = optMethod, control = list(maxit = maxIt,  : 
  non-finite finite-difference value [2]
"
"2","Error in optim(startVec, opfct, hessian = TRUE, method = optMethod, control = list(maxit = maxIt,  : 
  non-finite finite-difference value [2]
"
"2","Error in optim(startVec, opfct, hessian = TRUE, method = optMethod, control = list(maxit = maxIt,  : 
  non-finite finite-difference value [2]
"
"1",""
"1","|=======================================================                                                           | 49% ~2 m remaining"
"1"," "
"1"," "
"1"," "
"1"," "
"1"," "
"1",""
"1","|========================================================                                                          | 49% ~2 m remaining"
"1"," "
"1"," "
"1"," "
"1"," "
"1"," "
"1",""
"1","|========================================================                                                          | 50% ~2 m remaining"
"1"," "
"1"," "
"1"," "
"1"," "
"1"," "
"1",""
"1","|========================================================                                                          | 50% ~2 m remaining"
"1"," "
"1"," "
"1"," "
"1"," "
"1"," "
"1",""
"1","|=========================================================                                                         | 50% ~2 m remaining"
"1"," "
"1"," "
"1"," "
"1"," "
"1"," "
"1",""
"1","|=========================================================                                                         | 50% ~2 m remaining"
"1"," "
"1"," "
"1"," "
"1"," "
"1"," "
"1",""
"1","|=========================================================                                                         | 50% ~2 m remaining"
"1"," "
"1"," "
"1"," "
"1"," "
"1"," "
"1",""
"1","|=========================================================                                                         | 51% ~1 m remaining"
"1"," "
"1"," "
"1"," "
"1"," "
"1"," "
"1",""
"1","|==========================================================                                                        | 51% ~1 m remaining"
"1"," "
"1"," "
"1"," "
"1"," "
"1"," "
"1",""
"1","|==========================================================                                                        | 51% ~1 m remaining"
"1"," "
"1"," "
"1"," "
"1"," "
"1"," "
"1",""
"1","|==========================================================                                                        | 51% ~1 m remaining"
"1"," "
"1"," "
"1"," "
"1"," "
"1"," "
"1",""
"1","|==========================================================                                                        | 52% ~1 m remaining"
"1"," "
"1"," "
"1"," "
"1"," "
"1"," "
"1",""
"1","|===========================================================                                                       | 52% ~1 m remaining"
"1"," "
"1"," "
"1"," "
"1"," "
"1"," "
"1",""
"1","|===========================================================                                                       | 52% ~1 m remaining"
"1"," "
"1"," "
"1"," "
"1"," "
"1"," "
"1",""
"1","|===========================================================                                                       | 52% ~1 m remaining"
"1"," "
"1"," "
"1"," "
"1"," "
"1"," "
"1",""
"1","|============================================================                                                      | 53% ~1 m remaining"
"1"," "
"1"," "
"1"," "
"1"," "
"1"," "
"1",""
"1","|============================================================                                                      | 53% ~1 m remaining"
"1"," "
"1"," "
"1"," "
"1"," "
"1"," "
"1",""
"1","|============================================================                                                      | 53% ~1 m remaining"
"1"," "
"1"," "
"1"," "
"1"," "
"1"," "
"1",""
"1","|============================================================                                                      | 53% ~1 m remaining"
"1"," "
"1"," "
"1"," "
"1"," "
"1"," "
"1",""
"1","|=============================================================                                                     | 54% ~1 m remaining"
"1"," "
"1"," "
"1"," "
"1"," "
"1"," "
"1",""
"1","|=============================================================                                                     | 54% ~1 m remaining"
"1"," "
"1"," "
"1"," "
"1"," "
"1"," "
"1",""
"1","|=============================================================                                                     | 54% ~1 m remaining"
"1"," "
"1"," "
"1"," "
"1"," "
"1"," "
"1",""
"1","|==============================================================                                                    | 54% ~1 m remaining"
"1"," "
"1"," "
"1"," "
"1"," "
"1"," "
"1",""
"1","|==============================================================                                                    | 55% ~1 m remaining"
"1"," "
"1"," "
"1"," "
"1"," "
"1"," "
"1",""
"1","|==============================================================                                                    | 55% ~1 m remaining"
"1"," "
"1"," "
"1"," "
"1"," "
"1"," "
"1",""
"1","|==============================================================                                                    | 55% ~1 m remaining"
"1"," "
"1"," "
"1"," "
"1"," "
"1"," "
"1",""
"1","|===============================================================                                                   | 55% ~1 m remaining"
"1"," "
"1"," "
"1"," "
"1"," "
"1"," "
"2","Error in optim(startVec, opfct, hessian = TRUE, method = optMethod, control = list(maxit = maxIt,  : 
  non-finite finite-difference value [4]
"
"1",""
"1","|===============================================================                                                   | 56% ~1 m remaining"
"1"," "
"1"," "
"1"," "
"1"," "
"1"," "
"1",""
"1","|===============================================================                                                   | 56% ~1 m remaining"
"1"," "
"1"," "
"1"," "
"1"," "
"1"," "
"1",""
"1","|===============================================================                                                   | 56% ~1 m remaining"
"1"," "
"1"," "
"1"," "
"1"," "
"1"," "
"1",""
"1","|================================================================                                                  | 56% ~1 m remaining"
"1"," "
"1"," "
"1"," "
"1"," "
"1"," "
"2","Error in optim(startVec, opfct, hessian = TRUE, method = optMethod, control = list(maxit = maxIt,  : 
  non-finite finite-difference value [2]
"
"2","Error in optim(startVec, opfct, hessian = TRUE, method = optMethod, control = list(maxit = maxIt,  : 
  non-finite finite-difference value [2]
"
"2","Error in optim(startVec, opfct, hessian = TRUE, method = optMethod, control = list(maxit = maxIt,  : 
  non-finite finite-difference value [2]
"
"2","Error in optim(startVec, opfct, hessian = TRUE, method = optMethod, control = list(maxit = maxIt,  : 
  non-finite finite-difference value [2]
"
"1",""
"1","|================================================================                                                  | 57% ~1 m remaining"
"1"," "
"1"," "
"1"," "
"1"," "
"1"," "
"1",""
"1","|================================================================                                                  | 57% ~1 m remaining"
"1"," "
"1"," "
"1"," "
"1"," "
"1"," "
"1",""
"1","|=================================================================                                                 | 57% ~1 m remaining"
"1"," "
"1"," "
"1"," "
"1"," "
"1"," "
"1",""
"1","|=================================================================                                                 | 57% ~1 m remaining"
"1"," "
"1"," "
"1"," "
"1"," "
"1"," "
"1",""
"1","|=================================================================                                                 | 58% ~1 m remaining"
"1"," "
"1"," "
"1"," "
"1"," "
"1"," "
"2","Error in optim(startVec, opfct, hessian = TRUE, method = optMethod, control = list(maxit = maxIt,  : 
  non-finite finite-difference value [2]
"
"2","Error in optim(startVec, opfct, hessian = TRUE, method = optMethod, control = list(maxit = maxIt,  : 
  non-finite finite-difference value [2]
"
"2","Error in optim(startVec, opfct, hessian = TRUE, method = optMethod, control = list(maxit = maxIt,  : 
  non-finite finite-difference value [2]
"
"2","Error in optim(startVec, opfct, hessian = TRUE, method = optMethod, control = list(maxit = maxIt,  : 
  non-finite finite-difference value [2]
"
"1",""
"1","|=================================================================                                                 | 58% ~1 m remaining"
"1"," "
"1"," "
"1"," "
"1"," "
"1"," "
"2","Error in optim(startVec, opfct, hessian = TRUE, method = optMethod, control = list(maxit = maxIt,  : 
  non-finite finite-difference value [2]
"
"2","Error in optim(startVec, opfct, hessian = TRUE, method = optMethod, control = list(maxit = maxIt,  : 
  non-finite finite-difference value [2]
"
"2","Error in optim(startVec, opfct, hessian = TRUE, method = optMethod, control = list(maxit = maxIt,  : 
  non-finite finite-difference value [2]
"
"2","Error in optim(startVec, opfct, hessian = TRUE, method = optMethod, control = list(maxit = maxIt,  : 
  non-finite finite-difference value [2]
"
"1",""
"1","|==================================================================                                                | 58% ~1 m remaining"
"1"," "
"1"," "
"1"," "
"1"," "
"1"," "
"1",""
"1","|==================================================================                                                | 58% ~1 m remaining"
"1"," "
"1"," "
"1"," "
"1"," "
"1"," "
"1",""
"1","|==================================================================                                                | 59% ~1 m remaining"
"1"," "
"1"," "
"1"," "
"1"," "
"1"," "
"2","Error in optim(startVec, opfct, hessian = TRUE, method = optMethod, control = list(maxit = maxIt,  : 
  non-finite finite-difference value [2]
"
"2","Error in optim(startVec, opfct, hessian = TRUE, method = optMethod, control = list(maxit = maxIt,  : 
  non-finite finite-difference value [2]
"
"2","Error in optim(startVec, opfct, hessian = TRUE, method = optMethod, control = list(maxit = maxIt,  : 
  non-finite finite-difference value [2]
"
"2","Error in optim(startVec, opfct, hessian = TRUE, method = optMethod, control = list(maxit = maxIt,  : 
  non-finite finite-difference value [2]
"
"1",""
"1","|===================================================================                                               | 59% ~1 m remaining"
"1"," "
"1"," "
"1"," "
"1"," "
"1"," "
"1",""
"1","|===================================================================                                               | 59% ~1 m remaining"
"1"," "
"1"," "
"1"," "
"1"," "
"1"," "
"1",""
"1","|===================================================================                                               | 59% ~1 m remaining"
"1"," "
"1"," "
"1"," "
"1"," "
"1"," "
"1",""
"1","|===================================================================                                               | 60% ~1 m remaining"
"1"," "
"1"," "
"1"," "
"1"," "
"1"," "
"1",""
"1","|====================================================================                                              | 60% ~1 m remaining"
"1"," "
"1"," "
"1"," "
"1"," "
"1"," "
"1",""
"1","|====================================================================                                              | 60% ~1 m remaining"
"1"," "
"1"," "
"1"," "
"1"," "
"1"," "
"1",""
"1","|====================================================================                                              | 60% ~1 m remaining"
"1"," "
"1"," "
"1"," "
"1"," "
"1"," "
"1",""
"1","|=====================================================================                                             | 61% ~1 m remaining"
"1"," "
"1"," "
"1"," "
"1"," "
"1"," "
"1",""
"1","|=====================================================================                                             | 61% ~1 m remaining"
"1"," "
"1"," "
"1"," "
"1"," "
"1"," "
"2","Error in optim(startVec, opfct, hessian = TRUE, method = optMethod, control = list(maxit = maxIt,  : 
  non-finite finite-difference value [2]
"
"2","Error in optim(startVec, opfct, hessian = TRUE, method = optMethod, control = list(maxit = maxIt,  : 
  non-finite finite-difference value [2]
"
"2","Error in optim(startVec, opfct, hessian = TRUE, method = optMethod, control = list(maxit = maxIt,  : 
  non-finite finite-difference value [2]
"
"2","Error in optim(startVec, opfct, hessian = TRUE, method = optMethod, control = list(maxit = maxIt,  : 
  non-finite finite-difference value [2]
"
"1",""
"1","|=====================================================================                                             | 61% ~1 m remaining"
"1"," "
"1"," "
"1"," "
"1"," "
"1"," "
"1",""
"1","|=====================================================================                                             | 61% ~1 m remaining"
"1"," "
"1"," "
"1"," "
"1"," "
"1"," "
"1",""
"1","|======================================================================                                            | 62% ~1 m remaining"
"1"," "
"1"," "
"1"," "
"1"," "
"1"," "
"1",""
"1","|======================================================================                                            | 62% ~1 m remaining"
"1"," "
"1"," "
"1"," "
"1"," "
"1"," "
"1",""
"1","|======================================================================                                            | 62% ~1 m remaining"
"1"," "
"1"," "
"1"," "
"1"," "
"1"," "
"1",""
"1","|======================================================================                                            | 62% ~1 m remaining"
"1"," "
"1"," "
"1"," "
"1"," "
"1"," "
"1",""
"1","|=======================================================================                                           | 62% ~1 m remaining"
"1"," "
"1"," "
"1"," "
"1"," "
"1"," "
"1",""
"1","|=======================================================================                                           | 63% ~1 m remaining"
"1"," "
"1"," "
"1"," "
"1"," "
"1"," "
"1",""
"1","|=======================================================================                                           | 63% ~1 m remaining"
"1"," "
"1"," "
"1"," "
"1"," "
"1"," "
"1",""
"1","|========================================================================                                          | 63% ~1 m remaining"
"1"," "
"1"," "
"1"," "
"1"," "
"1"," "
"2","Error in optim(startVec, opfct, hessian = TRUE, method = optMethod, control = list(maxit = maxIt,  : 
  non-finite finite-difference value [2]
"
"2","Error in optim(startVec, opfct, hessian = TRUE, method = optMethod, control = list(maxit = maxIt,  : 
  non-finite finite-difference value [2]
"
"2","Error in optim(startVec, opfct, hessian = TRUE, method = optMethod, control = list(maxit = maxIt,  : 
  non-finite finite-difference value [2]
"
"2","Error in optim(startVec, opfct, hessian = TRUE, method = optMethod, control = list(maxit = maxIt,  : 
  non-finite finite-difference value [2]
"
"1",""
"1","|========================================================================                                          | 63% ~1 m remaining"
"1"," "
"1"," "
"1"," "
"1"," "
"1"," "
"1",""
"1","|========================================================================                                          | 64% ~1 m remaining"
"1"," "
"1"," "
"1"," "
"1"," "
"1"," "
"1",""
"1","|========================================================================                                          | 64% ~1 m remaining"
"1"," "
"1"," "
"1"," "
"1"," "
"1"," "
"1",""
"1","|=========================================================================                                         | 64% ~1 m remaining"
"1"," "
"1"," "
"1"," "
"1"," "
"1"," "
"1",""
"1","|=========================================================================                                         | 64% ~1 m remaining"
"1"," "
"1"," "
"1"," "
"1"," "
"1"," "
"1",""
"1","|=========================================================================                                         | 65% ~1 m remaining"
"1"," "
"1"," "
"1"," "
"1"," "
"1"," "
"1",""
"1","|==========================================================================                                        | 65% ~1 m remaining"
"1"," "
"1"," "
"1"," "
"1"," "
"1"," "
"2","Error in optim(startVec, opfct, hessian = TRUE, method = optMethod, control = list(maxit = maxIt,  : 
  non-finite finite-difference value [2]
"
"2","Error in optim(startVec, opfct, hessian = TRUE, method = optMethod, control = list(maxit = maxIt,  : 
  non-finite finite-difference value [2]
"
"2","Error in optim(startVec, opfct, hessian = TRUE, method = optMethod, control = list(maxit = maxIt,  : 
  non-finite finite-difference value [2]
"
"2","Error in optim(startVec, opfct, hessian = TRUE, method = optMethod, control = list(maxit = maxIt,  : 
  non-finite finite-difference value [2]
"
"1",""
"1","|==========================================================================                                        | 65% ~1 m remaining"
"1"," "
"1"," "
"1"," "
"1"," "
"1"," "
"1",""
"1","|==========================================================================                                        | 65% ~60 s remaining"
"1"," "
"1"," "
"1"," "
"1"," "
"2","Error in optim(startVec, opfct, hessian = TRUE, method = optMethod, control = list(maxit = maxIt,  : 
  non-finite finite-difference value [2]
"
"2","Error in optim(startVec, opfct, hessian = TRUE, method = optMethod, control = list(maxit = maxIt,  : 
  non-finite finite-difference value [2]
"
"2","Error in optim(startVec, opfct, hessian = TRUE, method = optMethod, control = list(maxit = maxIt,  : 
  non-finite finite-difference value [2]
"
"2","Error in optim(startVec, opfct, hessian = TRUE, method = optMethod, control = list(maxit = maxIt,  : 
  non-finite finite-difference value [2]
"
"1",""
"1","|==========================================================================                                        | 66% ~59 s remaining"
"1"," "
"1"," "
"1"," "
"1"," "
"1",""
"1","|===========================================================================                                       | 66% ~59 s remaining"
"1"," "
"1"," "
"1"," "
"1"," "
"1",""
"1","|===========================================================================                                       | 66% ~58 s remaining"
"1"," "
"1"," "
"1"," "
"1"," "
"1",""
"1","|===========================================================================                                       | 66% ~58 s remaining"
"1"," "
"1"," "
"1"," "
"1"," "
"1",""
"1","|============================================================================                                      | 67% ~57 s remaining"
"1"," "
"1"," "
"1"," "
"1"," "
"1",""
"1","|============================================================================                                      | 67% ~57 s remaining"
"1"," "
"1"," "
"1"," "
"1"," "
"1",""
"1","|============================================================================                                      | 67% ~57 s remaining"
"1"," "
"1"," "
"1"," "
"1"," "
"1",""
"1","|============================================================================                                      | 67% ~56 s remaining"
"1"," "
"1"," "
"1"," "
"1"," "
"1",""
"1","|=============================================================================                                     | 68% ~56 s remaining"
"1"," "
"1"," "
"1"," "
"1"," "
"1",""
"1","|=============================================================================                                     | 68% ~56 s remaining"
"1"," "
"1"," "
"1"," "
"1"," "
"1",""
"1","|=============================================================================                                     | 68% ~55 s remaining"
"1"," "
"1"," "
"1"," "
"1"," "
"1",""
"1","|=============================================================================                                     | 68% ~55 s remaining"
"1"," "
"1"," "
"1"," "
"1"," "
"1",""
"1","|==============================================================================                                    | 69% ~54 s remaining"
"1"," "
"1"," "
"1"," "
"1"," "
"1",""
"1","|==============================================================================                                    | 69% ~54 s remaining"
"1"," "
"1"," "
"1"," "
"1"," "
"2","Error in optim(startVec, opfct, hessian = TRUE, method = optMethod, control = list(maxit = maxIt,  : 
  non-finite finite-difference value [2]
"
"2","Error in optim(startVec, opfct, hessian = TRUE, method = optMethod, control = list(maxit = maxIt,  : 
  non-finite finite-difference value [2]
"
"2","Error in optim(startVec, opfct, hessian = TRUE, method = optMethod, control = list(maxit = maxIt,  : 
  non-finite finite-difference value [2]
"
"2","Error in optim(startVec, opfct, hessian = TRUE, method = optMethod, control = list(maxit = maxIt,  : 
  non-finite finite-difference value [2]
"
"1",""
"1","|==============================================================================                                    | 69% ~54 s remaining"
"1"," "
"1"," "
"1"," "
"1"," "
"1",""
"1","|===============================================================================                                   | 69% ~53 s remaining"
"1"," "
"1"," "
"1"," "
"1"," "
"1",""
"1","|===============================================================================                                   | 70% ~53 s remaining"
"1"," "
"1"," "
"1"," "
"1"," "
"1",""
"1","|===============================================================================                                   | 70% ~52 s remaining"
"1"," "
"1"," "
"1"," "
"1"," "
"1",""
"1","|===============================================================================                                   | 70% ~52 s remaining"
"1"," "
"1"," "
"1"," "
"1"," "
"1",""
"1","|================================================================================                                  | 70% ~51 s remaining"
"1"," "
"1"," "
"1"," "
"1"," "
"1",""
"1","|================================================================================                                  | 71% ~51 s remaining"
"1"," "
"1"," "
"1"," "
"1"," "
"1",""
"1","|================================================================================                                  | 71% ~51 s remaining"
"1"," "
"1"," "
"1"," "
"1"," "
"1",""
"1","|=================================================================================                                 | 71% ~50 s remaining"
"1"," "
"1"," "
"1"," "
"1"," "
"1",""
"1","|=================================================================================                                 | 71% ~50 s remaining"
"1"," "
"1"," "
"1"," "
"1"," "
"1",""
"1","|=================================================================================                                 | 72% ~49 s remaining"
"1"," "
"1"," "
"1"," "
"1"," "
"1",""
"1","|=================================================================================                                 | 72% ~49 s remaining"
"1"," "
"1"," "
"1"," "
"1"," "
"1",""
"1","|==================================================================================                                | 72% ~49 s remaining"
"1"," "
"1"," "
"1"," "
"1"," "
"2","Error in optim(startVec, opfct, hessian = TRUE, method = optMethod, control = list(maxit = maxIt,  : 
  non-finite finite-difference value [4]
"
"2","Error in optim(startVec, opfct, hessian = TRUE, method = optMethod, control = list(maxit = maxIt,  : 
  non-finite finite-difference value [2]
"
"2","Error in optim(startVec, opfct, hessian = TRUE, method = optMethod, control = list(maxit = maxIt,  : 
  non-finite finite-difference value [2]
"
"2","Error in optim(startVec, opfct, hessian = TRUE, method = optMethod, control = list(maxit = maxIt,  : 
  non-finite finite-difference value [2]
"
"1",""
"1","|==================================================================================                                | 72% ~48 s remaining"
"1"," "
"1"," "
"1"," "
"1"," "
"1",""
"1","|==================================================================================                                | 73% ~48 s remaining"
"1"," "
"1"," "
"1"," "
"1"," "
"1",""
"1","|==================================================================================                                | 73% ~47 s remaining"
"1"," "
"1"," "
"1"," "
"1"," "
"1",""
"1","|===================================================================================                               | 73% ~47 s remaining"
"1"," "
"1"," "
"1"," "
"1"," "
"2","Error in optim(startVec, opfct, hessian = TRUE, method = optMethod, control = list(maxit = maxIt,  : 
  non-finite finite-difference value [2]
"
"2","Error in optim(startVec, opfct, hessian = TRUE, method = optMethod, control = list(maxit = maxIt,  : 
  non-finite finite-difference value [2]
"
"2","Error in optim(startVec, opfct, hessian = TRUE, method = optMethod, control = list(maxit = maxIt,  : 
  non-finite finite-difference value [2]
"
"2","Error in optim(startVec, opfct, hessian = TRUE, method = optMethod, control = list(maxit = maxIt,  : 
  non-finite finite-difference value [2]
"
"1",""
"1","|===================================================================================                               | 73% ~46 s remaining"
"1"," "
"1"," "
"1"," "
"1"," "
"1",""
"1","|===================================================================================                               | 74% ~46 s remaining"
"1"," "
"1"," "
"1"," "
"1"," "
"1",""
"1","|====================================================================================                              | 74% ~46 s remaining"
"1"," "
"1"," "
"1"," "
"1"," "
"1",""
"1","|====================================================================================                              | 74% ~45 s remaining"
"1"," "
"1"," "
"1"," "
"1"," "
"1",""
"1","|====================================================================================                              | 74% ~45 s remaining"
"1"," "
"1"," "
"1"," "
"1"," "
"1",""
"1","|====================================================================================                              | 75% ~44 s remaining"
"1"," "
"1"," "
"1"," "
"1"," "
"1",""
"1","|=====================================================================================                             | 75% ~44 s remaining"
"1"," "
"1"," "
"1"," "
"1"," "
"1",""
"1","|=====================================================================================                             | 75% ~44 s remaining"
"1"," "
"1"," "
"1"," "
"1"," "
"1",""
"1","|=====================================================================================                             | 75% ~43 s remaining"
"1"," "
"1"," "
"1"," "
"1"," "
"1",""
"1","|======================================================================================                            | 75% ~43 s remaining"
"1"," "
"1"," "
"1"," "
"1"," "
"1",""
"1","|======================================================================================                            | 76% ~42 s remaining"
"1"," "
"1"," "
"1"," "
"1"," "
"1",""
"1","|======================================================================================                            | 76% ~42 s remaining"
"1"," "
"1"," "
"1"," "
"1"," "
"1",""
"1","|======================================================================================                            | 76% ~42 s remaining"
"1"," "
"1"," "
"1"," "
"1"," "
"1",""
"1","|=======================================================================================                           | 76% ~41 s remaining"
"1"," "
"1"," "
"1"," "
"1"," "
"1",""
"1","|=======================================================================================                           | 77% ~41 s remaining"
"1"," "
"1"," "
"1"," "
"1"," "
"1",""
"1","|=======================================================================================                           | 77% ~40 s remaining"
"1"," "
"1"," "
"1"," "
"1"," "
"1",""
"1","|========================================================================================                          | 77% ~40 s remaining"
"1"," "
"1"," "
"1"," "
"1"," "
"1",""
"1","|========================================================================================                          | 77% ~40 s remaining"
"1"," "
"1"," "
"1"," "
"1"," "
"1",""
"1","|========================================================================================                          | 78% ~39 s remaining"
"1"," "
"1"," "
"1"," "
"1"," "
"1",""
"1","|========================================================================================                          | 78% ~39 s remaining"
"1"," "
"1"," "
"1"," "
"1"," "
"1",""
"1","|=========================================================================================                         | 78% ~38 s remaining"
"1"," "
"1"," "
"1"," "
"1"," "
"1",""
"1","|=========================================================================================                         | 78% ~38 s remaining"
"1"," "
"1"," "
"1"," "
"1"," "
"1",""
"1","|=========================================================================================                         | 79% ~38 s remaining"
"1"," "
"1"," "
"1"," "
"1"," "
"1",""
"1","|=========================================================================================                         | 79% ~38 s remaining"
"1"," "
"1"," "
"1"," "
"1"," "
"1",""
"1","|==========================================================================================                        | 79% ~37 s remaining"
"1"," "
"1"," "
"1"," "
"1"," "
"1",""
"1","|==========================================================================================                        | 79% ~37 s remaining"
"1"," "
"1"," "
"1"," "
"1"," "
"1",""
"1","|==========================================================================================                        | 80% ~36 s remaining"
"1"," "
"1"," "
"1"," "
"1"," "
"1",""
"1","|===========================================================================================                       | 80% ~36 s remaining"
"1"," "
"1"," "
"1"," "
"1"," "
"1",""
"1","|===========================================================================================                       | 80% ~35 s remaining"
"1"," "
"1"," "
"1"," "
"1"," "
"1",""
"1","|===========================================================================================                       | 80% ~35 s remaining"
"1"," "
"1"," "
"1"," "
"1"," "
"1",""
"1","|===========================================================================================                       | 81% ~35 s remaining"
"1"," "
"1"," "
"1"," "
"1"," "
"1",""
"1","|============================================================================================                      | 81% ~34 s remaining"
"1"," "
"1"," "
"1"," "
"1"," "
"1",""
"1","|============================================================================================                      | 81% ~34 s remaining"
"1"," "
"1"," "
"1"," "
"1"," "
"1",""
"1","|============================================================================================                      | 81% ~33 s remaining"
"1"," "
"1"," "
"1"," "
"1"," "
"1",""
"1","|=============================================================================================                     | 82% ~33 s remaining"
"1"," "
"1"," "
"1"," "
"1"," "
"1",""
"1","|=============================================================================================                     | 82% ~32 s remaining"
"1"," "
"1"," "
"1"," "
"1"," "
"1",""
"1","|=============================================================================================                     | 82% ~32 s remaining"
"1"," "
"1"," "
"1"," "
"1"," "
"1",""
"1","|=============================================================================================                     | 82% ~32 s remaining"
"1"," "
"1"," "
"1"," "
"1"," "
"1",""
"1","|==============================================================================================                    | 83% ~31 s remaining"
"1"," "
"1"," "
"1"," "
"1"," "
"1",""
"1","|==============================================================================================                    | 83% ~31 s remaining"
"1"," "
"1"," "
"1"," "
"1"," "
"1",""
"1","|==============================================================================================                    | 83% ~30 s remaining"
"1"," "
"1"," "
"1"," "
"1"," "
"1",""
"1","|===============================================================================================                   | 83% ~30 s remaining"
"1"," "
"1"," "
"1"," "
"1"," "
"1",""
"1","|===============================================================================================                   | 84% ~29 s remaining"
"1"," "
"1"," "
"1"," "
"1"," "
"1",""
"1","|===============================================================================================                   | 84% ~29 s remaining"
"1"," "
"1"," "
"1"," "
"1"," "
"2","Error in optim(startVec, opfct, hessian = TRUE, method = optMethod, control = list(maxit = maxIt,  : 
  non-finite finite-difference value [2]
"
"1",""
"1","|===============================================================================================                   | 84% ~28 s remaining"
"1"," "
"1"," "
"1"," "
"1"," "
"1",""
"1","|================================================================================================                  | 84% ~28 s remaining"
"1"," "
"1"," "
"1"," "
"1"," "
"1",""
"1","|================================================================================================                  | 85% ~28 s remaining"
"1"," "
"1"," "
"1"," "
"1"," "
"1",""
"1","|================================================================================================                  | 85% ~27 s remaining"
"1"," "
"1"," "
"1"," "
"1"," "
"1",""
"1","|================================================================================================                  | 85% ~27 s remaining"
"1"," "
"1"," "
"1"," "
"1"," "
"1",""
"1","|=================================================================================================                 | 85% ~26 s remaining"
"1"," "
"1"," "
"1"," "
"1"," "
"1",""
"1","|=================================================================================================                 | 86% ~26 s remaining"
"1"," "
"1"," "
"1"," "
"1"," "
"1",""
"1","|=================================================================================================                 | 86% ~25 s remaining"
"1"," "
"1"," "
"1"," "
"1"," "
"1",""
"1","|==================================================================================================                | 86% ~25 s remaining"
"1"," "
"1"," "
"1"," "
"1"," "
"1",""
"1","|==================================================================================================                | 86% ~24 s remaining"
"1"," "
"1"," "
"1"," "
"1"," "
"2","Error in optim(startVec, opfct, hessian = TRUE, method = optMethod, control = list(maxit = maxIt,  : 
  non-finite finite-difference value [2]
"
"2","Error in optim(startVec, opfct, hessian = TRUE, method = optMethod, control = list(maxit = maxIt,  : 
  non-finite finite-difference value [2]
"
"2","Error in optim(startVec, opfct, hessian = TRUE, method = optMethod, control = list(maxit = maxIt,  : 
  non-finite finite-difference value [2]
"
"2","Error in optim(startVec, opfct, hessian = TRUE, method = optMethod, control = list(maxit = maxIt,  : 
  non-finite finite-difference value [2]
"
"1",""
"1","|==================================================================================================                | 87% ~24 s remaining"
"1"," "
"1"," "
"1"," "
"1"," "
"1",""
"1","|==================================================================================================                | 87% ~24 s remaining"
"1"," "
"1"," "
"1"," "
"1"," "
"1",""
"1","|===================================================================================================               | 87% ~23 s remaining"
"1"," "
"1"," "
"1"," "
"1"," "
"1",""
"1","|===================================================================================================               | 87% ~23 s remaining"
"1"," "
"1"," "
"1"," "
"1"," "
"1",""
"1","|===================================================================================================               | 88% ~22 s remaining"
"1"," "
"1"," "
"1"," "
"1"," "
"1",""
"1","|====================================================================================================              | 88% ~22 s remaining"
"1"," "
"1"," "
"1"," "
"1"," "
"1",""
"1","|====================================================================================================              | 88% ~21 s remaining"
"1"," "
"1"," "
"1"," "
"1"," "
"1",""
"1","|====================================================================================================              | 88% ~21 s remaining"
"1"," "
"1"," "
"1"," "
"1"," "
"2","
"
